{
    "cal_list": 16,
    "QAOA_list": [
        [
            -4.08882048865339
        ],
        -4.08882048865339,
        7
    ]
}