{
    "cal_list": 20,
    "QAOA_list": [
        [
            -4.120367215440563
        ],
        -4.120367215440563,
        7
    ]
}