{
    "cal_list": 513,
    "QAOA_list": [
        [
            -2.8852408843316444,
            -2.7851755846539366,
            -2.7989611359877387,
            -3.230285665485589,
            -2.9173024414184674,
            -3.0360883325333545,
            -3.016464340511752,
            -3.0414009701370914,
            -2.918763783576424,
            -3.0051965755665178,
            -2.597404772949233,
            -3.1824211699384297,
            -2.806528030249503,
            -3.004559776387166,
            -2.8286224558243345,
            -2.836543286464521,
            -3.2614866229654833,
            -3.0086368575904716,
            -3.025679974289366,
            -2.8616016562858864,
            -3.122590145389415,
            -2.933035812036145,
            -2.9740023317894058,
            -3.1413094517822713,
            -2.9258433437423865,
            -2.9924740564613286,
            -2.893198062431042,
            -2.8517547201611957,
            -2.610690387519295,
            -2.884773451225668,
            -3.010654698012884,
            -2.763138389904632,
            -2.861582810477214,
            -2.8628514235530433,
            -2.7819359642439667,
            -2.8844935092311106,
            -2.8587738363741715,
            -2.8291229196649743,
            -3.038019300309881,
            -3.0410624898096374,
            -3.1601925817489165,
            -3.196339102486306,
            -3.047499593431857,
            -3.0398621553705194,
            -2.8777095830353625,
            -2.917616667161808,
            -3.036401125313112,
            -2.905374197092861,
            -3.1623076493134317,
            -2.957770601996127,
            -2.8683664079507967,
            -2.859332647194117,
            -2.9083296273093295,
            -3.09744833395415,
            -3.074707677103326,
            -3.046538671769722,
            -2.808962122396451,
            -2.9580980088982063,
            -2.8385857923896696,
            -3.2214039130176038,
            -2.907358139423769,
            -2.8971174163910653,
            -2.891953977882402,
            -2.823775967432363,
            -2.964131234184315,
            -3.124231173579012,
            -3.0260219125703944,
            -2.804994383316264,
            -2.648513346005376,
            -2.9533863121203154,
            -2.98225170579998,
            -3.089597094841759,
            -3.0223737802105672,
            -3.0026434941165894,
            -3.1078518234108206,
            -2.782850269222713,
            -2.920582703145253,
            -2.966388330572357,
            -3.1211186323184648,
            -2.9102907446787065,
            -3.0925980186353157,
            -3.102953525058215,
            -2.8358874338547815,
            -3.011149494651395,
            -3.0314027054971286,
            -2.965242585159855,
            -3.0784482599380327,
            -2.8706526574063593,
            -2.990406341468167,
            -2.9298598618830622,
            -2.876866117863922,
            -3.1502247643964485,
            -3.0128729237427883,
            -2.818736212169828,
            -2.8000979364696033,
            -2.7300861355335337,
            -2.805974980369171,
            -2.7362683916493733,
            -2.941215276235916,
            -2.977611585664556
        ],
        -4.5105491792495815,
        32606
    ]
}