{
    "cal_list": 20,
    "QAOA_list": [
        [
            -2.7719261057747473,
            -2.5883009228706286,
            -2.6453483071732506,
            -2.7183152208172046,
            -2.7214472025142764,
            -2.768532157816161,
            -2.733355514626943,
            -2.9442334405379156,
            -2.6591255233731887,
            -2.449649770694098,
            -2.621070241331858,
            -2.7381395525673895,
            -2.960440320889166,
            -2.399855897639772,
            -2.708970415855089,
            -2.682647366773285,
            -2.7828043038465453,
            -2.5750888155251204,
            -2.8720098127609344,
            -2.812657434876383,
            -2.611493926145365,
            -2.9602188854928055,
            -2.6879760068601346,
            -2.8514502741252903,
            -2.67932404417641,
            -2.856486335358907,
            -2.7501779322470314,
            -2.681300039767641,
            -2.9239833620227813,
            -2.7900538093974934,
            -2.6384306465205283,
            -2.916969666463702,
            -2.450298767252299,
            -2.5945416239132557,
            -2.753628441076791,
            -2.886589016496333,
            -2.647967837073775,
            -2.832263899234232,
            -2.7916866481891662,
            -2.8792193847273255,
            -2.702015135101397,
            -3.0224533115560264,
            -2.8014872879041923,
            -2.738555164325336,
            -2.9138894241867246,
            -2.8257042980749913,
            -2.78645432228662,
            -2.821134554275192,
            -2.716039286608798,
            -2.6572005056535026,
            -2.7801313995572694,
            -2.6952471368197224,
            -2.854698909856263,
            -2.6030689802017575,
            -2.5909614786182362,
            -2.7881511442911715,
            -2.8033112887375635,
            -2.696711200026808,
            -2.9390184833236987,
            -2.8860463112309356,
            -2.7019752868048483,
            -2.764597885001458,
            -2.81689636361669,
            -2.9295993186271665,
            -2.860215739884578,
            -2.6601275264062205,
            -2.683698875224313,
            -2.772456315750397,
            -2.7503166679607687,
            -2.885723277882275,
            -2.8413036526547093,
            -2.5253578255463998,
            -2.622066212113089,
            -2.725227287564609,
            -2.929099775917176,
            -2.794261220207726,
            -2.8362695620606413,
            -2.795894618997043,
            -2.615523813596921,
            -2.6570169451948202,
            -2.7356621585298884,
            -2.7328535737859467,
            -2.6837781495677793,
            -2.818431033767485,
            -2.803441766843225,
            -2.6732701673281922,
            -2.6520300810249076,
            -2.951879300347796,
            -2.690656266766358,
            -2.8823643088692803,
            -2.964195066377861,
            -2.6428174318759265,
            -2.8903022777470544,
            -2.6868186483626353,
            -2.58416571041274,
            -2.643393232275453,
            -2.4980265644879482,
            -2.716567512093476,
            -2.7748119571521617,
            -2.78890054339517
        ],
        -3.8402754115804227,
        32588
    ]
}