{
    "cal_list": 512,
    "QAOA_list": [
        [
            -3.3048500499709217,
            -3.1957671739834876,
            -2.9710883835393456,
            -2.7209766694821425,
            -3.2771072887286308,
            -3.0411618036317174,
            -3.0547794054531927,
            -2.7339277149586514,
            -3.352049307898134,
            -2.8939084582298675,
            -2.912736979940576,
            -3.066950217003876,
            -3.0582124519930263,
            -2.7664518613349993,
            -3.342571558154351,
            -3.065781137377568,
            -3.0358171989726603,
            -3.0099162221344335,
            -2.894738937021801,
            -2.976388992323856,
            -2.9483306243347465,
            -2.9935507072957934,
            -2.9575199150463836,
            -2.886289248944384,
            -2.9701448239363457,
            -2.877024204397867,
            -2.9693977554317565,
            -2.6130521439652328,
            -2.9616476507375866,
            -3.2992754024524777,
            -2.7306014210034992,
            -2.959374857680372,
            -2.615206304822372,
            -2.8209849541719634,
            -2.951889608555777,
            -3.0118537928593185,
            -2.935457443269466,
            -2.9101036763034647,
            -2.9107474731200127,
            -2.9209138272306365,
            -2.7162483059099753,
            -2.7986354621398077,
            -2.9920643515995202,
            -2.9147393955059,
            -2.8692647587267373,
            -3.339374407982622,
            -3.044487596106092,
            -2.8230732616059915,
            -3.0949834660228093,
            -2.875013615007541,
            -3.1346289245937733,
            -3.2338761309788278,
            -3.2077786127677395,
            -2.996581491110473,
            -2.967528523742164,
            -2.8890221101719775,
            -2.6619405330390333,
            -2.778428604809252,
            -3.021658058519309,
            -2.9749011913204617,
            -2.8616466545791637,
            -3.110087071554962,
            -2.8889917374800547,
            -2.9786947433327566,
            -2.7924255169913645,
            -2.8947978489670505,
            -2.8259068659031272,
            -3.0390999695291434,
            -2.688434227581607,
            -2.675287260402438,
            -2.837040976120724,
            -2.904686662685683,
            -2.8850376386187038,
            -2.732925531752741,
            -2.8185736159873147,
            -3.062539022416233,
            -2.952736827795144,
            -2.9361366998292664,
            -3.1304365209365583,
            -3.103123243309156,
            -3.1325208288282327,
            -2.919368806826745,
            -3.09742784885785,
            -2.8859195787991623,
            -3.02901226323993,
            -3.0178792743819645,
            -2.7277453010593855,
            -2.9283913998927154,
            -2.891673353730827,
            -3.1532798311004537,
            -3.1103262060028873,
            -2.9604842067347756,
            -2.8149432031188475,
            -2.9806261936453637,
            -3.1928364771896036,
            -3.0294262610755998,
            -2.9985686232839504,
            -3.130337468753362,
            -3.021240834864575,
            -2.759938225610796
        ],
        -4.336540878839788,
        32571
    ]
}