{
    "cal_list": 510,
    "QAOA_list": [
        [
            -4.418515099070609
        ],
        -4.425849348361519,
        8
    ]
}