{
    "cal_list": 15,
    "QAOA_list": [
        [
            -4.027921944230243
        ],
        -4.027921944230243,
        7
    ]
}