{
    "cal_list": 513,
    "QAOA_list": [
        [
            -4.9642069672415765
        ],
        -5.014065572332773,
        7
    ]
}