{
    "cal_list": 512,
    "QAOA_list": [
        [
            -4.729476828151821
        ],
        -4.782054505119715,
        7
    ]
}