{
    "cal_list": 511,
    "QAOA_list": [
        [
            -4.832683252749337
        ],
        -4.886817325364903,
        7
    ]
}