{
    "cal_list": 16,
    "QAOA_list": [
        [
            -4.017176162631336,
            -4.041952775932034,
            -4.064385326647925,
            -4.039861137088082,
            -4.059659573496587,
            -4.067820212739983,
            -4.0721204021165285,
            -4.0471336100595865,
            -4.07387605187559,
            -4.073878627327296,
            -4.063034029811405,
            -4.076932486105394,
            -4.066076207697332,
            -4.087924870430892,
            -4.0827006810277044,
            -4.084865983002321,
            -4.087904870803414,
            -4.079907877052854,
            -4.085198016508442,
            -4.080473741935032,
            -4.084951932682199,
            -4.085653619148919,
            -4.084036314832223,
            -4.06171986322899,
            -4.083304264999038,
            -4.0866772190747955,
            -4.05996491983763,
            -4.087904870803414,
            -4.086989252953438,
            -4.08448943066668,
            -4.084931933054722,
            -4.085673618776397,
            -4.085198016508442,
            -4.0861136343584175,
            -4.063186670133825,
            -4.084221328245269,
            -4.0607389325007395,
            -4.086697218702273,
            -4.08882048865339,
            -4.08882048865339,
            -4.085847550904697,
            -4.058831631252669,
            -4.08882048865339,
            -4.08882048865339,
            -4.08882048865339,
            -4.087904870803414,
            -4.087924870430892,
            -4.087924870430892,
            -4.08882048865339,
            -4.087484854848871,
            -4.08882048865339,
            -4.087924870430892,
            -4.08882048865339,
            -4.08882048865339,
            -4.087924870430892,
            -4.087924870430892,
            -4.087029252208394,
            -4.086569236998895,
            -4.08882048865339,
            -4.08882048865339,
            -4.087904870803414,
            -4.08609363473094,
            -4.086763168754674,
            -4.08882048865339,
            -4.08882048865339,
            -4.08609363473094,
            -4.08882048865339,
            -4.08882048865339,
            -4.087904870803414,
            -4.08882048865339,
            -4.08882048865339,
            -4.08882048865339,
            -4.08882048865339,
            -4.08882048865339,
            -4.08882048865339,
            -4.085385048889177,
            -4.087924870430892,
            -4.08882048865339,
            -4.087904870803414,
            -4.08882048865339,
            -4.08882048865339,
            -4.08882048865339,
            -4.08882048865339,
            -4.087904870803414,
            -4.08882048865339,
            -4.087029252208394,
            -4.08882048865339,
            -4.087924870430892,
            -4.08882048865339,
            -4.08882048865339,
            -4.085867550532175,
            -4.08882048865339,
            -4.08882048865339,
            -4.087009252580915,
            -4.08882048865339,
            -4.08882048865339,
            -4.08882048865339,
            -4.08882048865339,
            -4.087904870803414,
            -4.08882048865339
        ],
        -4.08882048865339,
        1089
    ]
}