{
    "cal_list": 512,
    "QAOA_list": [
        [
            -4.7040282511298654,
            -4.67195713925369,
            -4.70783065926878,
            -4.675482330920397,
            -4.649738674631393,
            -4.727290907234802,
            -4.687262366673597,
            -4.728019463260026,
            -4.7279922077069845,
            -4.7297623492343295,
            -4.732375030142335,
            -4.70494742957548,
            -4.712113994705579,
            -4.700532292545528,
            -4.708256797251675,
            -4.707415637125569,
            -4.729021720196722,
            -4.733004695809538,
            -4.7291826261308465,
            -4.732100874146273,
            -4.732635366119307,
            -4.7076119044022064,
            -4.709740398974125,
            -4.730877665356496,
            -4.730570997203426,
            -4.731300547998069,
            -4.729010970880426,
            -4.732969568034326,
            -4.704470180216879,
            -4.732449890849799,
            -4.73136221476581,
            -4.700834799851573,
            -4.731618940355161,
            -4.730420649709131,
            -4.727439740156542,
            -4.730656067542358,
            -4.731422260684768,
            -4.732375030142335,
            -4.733810728160432,
            -4.732153432328196,
            -4.733664637014815,
            -4.729630078107804,
            -4.734625869097142,
            -4.732470203836504,
            -4.732566756785229,
            -4.729977454080853,
            -4.731367471369778,
            -4.73414493007545,
            -4.733352717743646,
            -4.713338255220475,
            -4.733500449619739,
            -4.7355296907604085,
            -4.734595997925898,
            -4.736507378361719,
            -4.734714549823696,
            -4.733736862222385,
            -4.737337334086939,
            -4.733760785596711,
            -4.733869779309969,
            -4.739883636793931,
            -4.735107802888253,
            -4.73792826159131,
            -4.737893133816097,
            -4.7372634681488925,
            -4.7352358677387,
            -4.737966999754143,
            -4.740122665014782,
            -4.74418114729612,
            -4.744476611048306,
            -4.74440274511026,
            -4.748608959267691,
            -4.746358120312883,
            -4.753423531336203,
            -4.751142821210149,
            -4.751394290195533,
            -4.752225886651229,
            -4.752224245920753,
            -4.758994193191889,
            -4.762222719748007,
            -4.761540495898881,
            -4.760341210483431,
            -4.767702085258936,
            -4.765525112242174,
            -4.771908299416367,
            -4.772738255141587,
            -4.7739375405570375,
            -4.774841362220303,
            -4.769917796438532,
            -4.780025263979046,
            -4.775892915759661,
            -4.776153251736633,
            -4.780099129917092,
            -4.781002951580358,
            -4.773863674618991,
            -4.781002951580358,
            -4.778973710439688,
            -4.777848290962283,
            -4.777848290962285,
            -4.778899844501642,
            -4.77792215690033
        ],
        -4.782054505119715,
        599
    ]
}