{
    "cal_list": 20,
    "QAOA_list": [
        [
            -4.097793966770189,
            -4.0992942355041775,
            -4.108124166628385,
            -4.112639999925949,
            -4.105711775778396,
            -4.111418932484145,
            -4.110341616468319,
            -4.115931512050931,
            -4.11502001311198,
            -4.114148253772458,
            -4.107503896827748,
            -4.114171423241545,
            -4.1146203697726635,
            -4.119812752516859,
            -4.1149056803650845,
            -4.117612533530664,
            -4.117580145852384,
            -4.119544337409317,
            -4.118206736053796,
            -4.119315661901204,
            -4.1182806019918425,
            -4.118835064915547,
            -4.117580145852384,
            -4.118557833453695,
            -4.118043847353162,
            -4.1193895278392505,
            -4.119535521055006,
            -4.119544337409317,
            -4.118835064915547,
            -4.1193895278392505,
            -4.119267105947465,
            -4.120089983978711,
            -4.118566649808005,
            -4.119544337409317,
            -4.1193895278392505,
            -4.120089983978711,
            -4.120367215440563,
            -4.1193895278392505,
            -4.120089983978711,
            -4.120367215440563,
            -4.120367215440563,
            -4.118134608776087,
            -4.120089983978711,
            -4.119821568871169,
            -4.120367215440563,
            -4.119258289593155,
            -4.1193895278392505,
            -4.120089983978711,
            -4.120367215440563,
            -4.120089983978711,
            -4.120367215440563,
            -4.120367215440563,
            -4.120367215440563,
            -4.120367215440563,
            -4.120367215440563,
            -4.120367215440563,
            -4.120089983978711,
            -4.120367215440563,
            -4.119315661901204,
            -4.120367215440563,
            -4.120367215440563,
            -4.120367215440563,
            -4.1193895278392505,
            -4.120367215440563,
            -4.120367215440563,
            -4.120367215440563,
            -4.120367215440563,
            -4.120367215440563,
            -4.120367215440563,
            -4.120089983978711,
            -4.120367215440563,
            -4.120367215440563,
            -4.120089983978711,
            -4.120367215440563,
            -4.120367215440563,
            -4.120089983978711,
            -4.120367215440563,
            -4.120367215440563,
            -4.120367215440563,
            -4.120367215440563,
            -4.120367215440563,
            -4.120367215440563,
            -4.120367215440563,
            -4.120367215440563,
            -4.120367215440563,
            -4.120367215440563,
            -4.120367215440563,
            -4.120367215440563,
            -4.120367215440563,
            -4.120367215440563,
            -4.120367215440563,
            -4.120367215440563,
            -4.120367215440563,
            -4.120367215440563,
            -4.120367215440563,
            -4.120367215440563,
            -4.119821568871169,
            -4.120089983978711,
            -4.120367215440563,
            -4.120367215440563
        ],
        -4.120367215440563,
        857
    ]
}