{
    "cal_list": 15,
    "QAOA_list": [
        [
            -3.1430466108883626,
            -3.1191175250454304,
            -2.919897985419256,
            -3.0777636141558316,
            -3.11251048719901,
            -3.095503755252384,
            -2.8572953127338865,
            -3.208901995345408,
            -3.1497826110881433,
            -3.080309455901964,
            -2.996393147874148,
            -2.907008859022059,
            -3.051819729336164,
            -3.106981007594101,
            -3.0656186651388193,
            -3.124552449512345,
            -2.970941083007653,
            -3.1103950421709965,
            -3.0216142109845516,
            -2.982875151891414,
            -2.9702258985210004,
            -2.989268751151363,
            -2.9843841104509385,
            -3.1145363343726613,
            -3.0541383700484106,
            -3.0556454733916034,
            -2.984678728474695,
            -2.914783162367796,
            -3.1418144173964606,
            -3.050781319893996,
            -3.071459188446503,
            -3.023178567946228,
            -2.885815777308391,
            -3.2420827941113908,
            -3.0191430267015384,
            -3.0899148531647533,
            -3.0944900669968365,
            -2.9461164718801705,
            -3.007930166564618,
            -3.056637798982243,
            -3.0640565216368163,
            -3.1628825609278515,
            -3.052032307344705,
            -2.9844740361195665,
            -3.021009291682919,
            -3.1368912105012425,
            -3.0221722002960987,
            -3.0307548737785974,
            -3.083089461414953,
            -3.011158852220483,
            -3.05740207572164,
            -3.036680862496841,
            -3.0686838572891544,
            -2.8035351992060025,
            -3.103520219913835,
            -3.131539905047778,
            -3.16012439116329,
            -3.086575040711837,
            -3.144712126207769,
            -3.0244474579382574,
            -3.1426536577415116,
            -3.0410964146924404,
            -2.987309852704287,
            -2.9850610303860243,
            -3.118526696922736,
            -3.053982581089175,
            -3.107289332282788,
            -3.082509340357684,
            -3.005693467888518,
            -2.9239433758362163,
            -2.963297700723673,
            -3.0345950152970955,
            -2.9611015289187503,
            -3.004987489655054,
            -3.107930179604585,
            -3.000613167881356,
            -3.148308771262915,
            -2.967676236894885,
            -3.0344977695806508,
            -3.0398745999059456,
            -3.1185233837298436,
            -3.1005009234897183,
            -3.0336244036830537,
            -3.16657150464464,
            -3.039970268635791,
            -3.1125973296406464,
            -3.1652818204220865,
            -3.0436213683566407,
            -3.1268849689012224,
            -3.0883684328511847,
            -2.990397465320176,
            -3.170408037618289,
            -3.186700115135677,
            -3.0238218110125366,
            -2.9223870991986125,
            -3.0229802095724683,
            -3.116072150942588,
            -3.179321488742123,
            -2.936495878987819,
            -3.0033889560669835
        ],
        -3.7718449672546583,
        32597
    ]
}