{
    "cal_list": 15,
    "QAOA_list": [
        [
            -3.9337189154616494,
            -3.938770986783976,
            -3.9158006994975536,
            -3.895651760955462,
            -3.964086248317465,
            -3.953539096574439,
            -3.948482293895038,
            -3.95574047559718,
            -3.9957458882464936,
            -4.0054704872716504,
            -3.9900761465320147,
            -3.977872480744784,
            -3.9803390919031507,
            -4.002926348758347,
            -4.011210316262387,
            -4.01218213810968,
            -4.010877879567069,
            -3.977557103229415,
            -4.005290560451454,
            -3.9850604530508553,
            -4.008897801627768,
            -4.0129793541489525,
            -4.013423554709139,
            -4.0032509984839795,
            -3.9653828392198887,
            -3.9653016717348466,
            -4.010840975039509,
            -4.018310953370359,
            -4.02144512804432,
            -4.021704550029804,
            -4.026386839379626,
            -4.0255965897373445,
            -4.014701434383024,
            -4.024515337745555,
            -4.0279219442302425,
            -4.0263414449456825,
            -4.0279219442302425,
            -4.0263414449456825,
            -4.0231332319666295,
            -4.0246215615203615,
            -4.026386839379626,
            -4.000315328300303,
            -4.021141306129335,
            -4.022388376758293,
            -4.023086456669745,
            -4.016809613991383,
            -4.022676410979952,
            -4.024214683097405,
            -4.008481223428781,
            -4.023316629678391,
            -4.027131694587963,
            -4.021240397365784,
            -4.02421151583057,
            -4.024851734529007,
            -4.02500176547285,
            -4.027131694587963,
            -4.0202584476431795,
            -4.0279219442302425,
            -4.0279219442302425,
            -4.026248836101807,
            -4.027131694587963,
            -4.0279219442302425,
            -4.026386839379626,
            -4.021551351819127,
            -4.017453294983949,
            -4.02421151583057,
            -4.027131694587963,
            -4.026386839379626,
            -4.026386839379626,
            -4.024713731251191,
            -4.0279219442302425,
            -4.0279219442302425,
            -4.026386839379626,
            -4.026248836101807,
            -4.0222503734804755,
            -4.027131694587963,
            -4.02500176547285,
            -4.0279219442302425,
            -4.0279219442302425,
            -4.0279219442302425,
            -4.0279219442302425,
            -4.0279219442302425,
            -4.0279219442302425,
            -4.027131694587963,
            -4.0279219442302425,
            -4.023601881054593,
            -4.0279219442302425,
            -4.019294721268852,
            -4.017348271480325,
            -4.0263414449456825,
            -4.025411811162643,
            -4.026386839379626,
            -4.0279219442302425,
            -3.9977588765208667,
            -4.027131694587963,
            -4.0279219442302425,
            -4.0195826764824,
            -4.017550889169042,
            -4.026386839379626,
            -4.0229016780950415
        ],
        -4.027921944230243,
        1815
    ]
}