{
    "cal_list": 510,
    "QAOA_list": [
        [
            -2.6920966709040153,
            -2.5709287398750744,
            -3.003308265238319,
            -2.2478244157461975,
            -2.8693185145614466,
            -2.735248185892528,
            -2.7265161762090173,
            -2.796563575411964,
            -2.7794070714543655,
            -2.7527672472256706,
            -2.4358950382089826,
            -2.784950346132233,
            -2.6758858299875947,
            -2.812507839027558,
            -2.4617718910374546,
            -2.5292441754472037,
            -2.667862780714109,
            -2.417848597789994,
            -2.6453148017345764,
            -2.6418095182840218,
            -2.75955108433451,
            -2.6912653688059254,
            -2.417488347774989,
            -2.4959576403398787,
            -2.395393950163907,
            -2.9130311740880446,
            -2.6204800577821152,
            -2.8986096273389355,
            -2.41279854184136,
            -2.5970191706984123,
            -2.89468018258015,
            -2.7587024851084734,
            -2.9276601841465113,
            -2.439406301692341,
            -2.6886566403654273,
            -2.775946256248504,
            -2.65599317513761,
            -2.576036320600935,
            -2.6928746537170154,
            -2.5115040205313455,
            -2.666218492815399,
            -2.8206220068805856,
            -2.974068933666607,
            -2.999920148696759,
            -2.4744458592553427,
            -2.7766062970168894,
            -2.488937530549783,
            -2.3834230131083336,
            -2.4603246977940945,
            -2.6046424708586913,
            -2.6000266707805313,
            -2.8099938862839235,
            -2.6720831892894887,
            -2.429179191803631,
            -2.56971891561209,
            -2.5850990669511087,
            -2.728759916714148,
            -2.577149642126678,
            -2.6964684754669683,
            -2.257227793212095,
            -2.675475149819416,
            -2.641929633888881,
            -2.589321744444115,
            -2.7610585607747633,
            -2.786442547705528,
            -2.831421224073356,
            -2.6614532342457506,
            -2.661593484052545,
            -2.6485489246138716,
            -2.7445651966648876,
            -2.5049221924504965,
            -2.9261027123623133,
            -2.596882130388068,
            -2.6794791797963073,
            -2.776019834756541,
            -2.4850859734565955,
            -2.908606589212175,
            -2.727768162227857,
            -2.7353148487590038,
            -2.737954364577852,
            -2.7165940713713947,
            -2.609923314909269,
            -2.70989672212264,
            -2.43985053263532,
            -2.7188982838896525,
            -2.92877092096513,
            -2.4648940673310706,
            -2.7088958275200183,
            -2.893818103946214,
            -2.8723486533173332,
            -2.744428625972052,
            -2.975684948091372,
            -2.6373838723573835,
            -2.626216611486003,
            -2.648791056426072,
            -2.4077971348271174,
            -2.5500483784041394,
            -2.8041789287346672,
            -2.857754099116388,
            -2.589959823550547
        ],
        -3.944387011271141,
        37918
    ]
}