{
    "cal_list": 16,
    "QAOA_list": [
        [
            -2.9946952777385136,
            -3.031260857583853,
            -3.143572210142123,
            -3.0012395345563174,
            -3.1288684867111214,
            -3.1170086466037343,
            -3.0815915177407462,
            -3.0699603703041562,
            -3.169446359436351,
            -3.050564002111484,
            -3.1354669909969872,
            -3.2074996028327036,
            -3.094514998183862,
            -2.94153722471094,
            -2.925520684862478,
            -3.0924829001807312,
            -3.183949095956231,
            -3.1538459808260138,
            -3.211999214596227,
            -3.015024545950455,
            -2.984816344963411,
            -3.0497149778507207,
            -3.000811900107812,
            -3.10059650224846,
            -2.9852466298389184,
            -3.009873358279523,
            -3.109598969813183,
            -3.0597104702046933,
            -3.1461321763899224,
            -3.0882239721884868,
            -3.1710487070220297,
            -3.1904838695407993,
            -2.9873332540565434,
            -3.0991031971687164,
            -3.0991384301588174,
            -3.115148605060769,
            -3.0465354208983446,
            -2.946615516837062,
            -3.0161458490276645,
            -3.1082444304231616,
            -3.0977437961832304,
            -3.0954192571424826,
            -3.0176177739148904,
            -2.992569616348251,
            -3.1261350592739774,
            -3.1947518164960265,
            -3.1243875491031674,
            -3.0338602990205437,
            -2.94023011366192,
            -3.1164755454256308,
            -2.9480980432880153,
            -3.1600806433215416,
            -3.205412996970029,
            -3.1100060467451356,
            -2.9777809490496336,
            -3.166303997806006,
            -3.1365920934616414,
            -2.9090398193120666,
            -3.041304823347573,
            -3.117568563262428,
            -2.959758806497905,
            -3.056177304169751,
            -3.06173212479421,
            -3.0391665515508466,
            -3.1974403831472697,
            -2.8791401064273923,
            -2.952880764713043,
            -3.027968946003421,
            -3.03953067355141,
            -2.999825704916037,
            -3.143742237385106,
            -3.152378773868091,
            -3.037742557319795,
            -3.1578266215255275,
            -3.1189007929829713,
            -3.077354473322805,
            -3.08982799010683,
            -2.982552678648878,
            -2.9996015826861657,
            -3.2070642914189564,
            -3.0666213898262202,
            -2.98288244024738,
            -3.0798524016235898,
            -2.9994774578949768,
            -3.0533737857503302,
            -3.1304349710189516,
            -3.042703248843186,
            -3.0207411463347715,
            -3.171325478031674,
            -3.1106247422778806,
            -3.1376731811724654,
            -3.197945764201645,
            -3.007536418245632,
            -3.0495383955537805,
            -3.066016024611173,
            -2.8408476863813736,
            -2.828301221104718,
            -3.135774077696202,
            -2.9651692315667897,
            -3.0380456910683846
        ],
        -3.752311186420595,
        32620
    ]
}