{
    "cal_list": 511,
    "QAOA_list": [
        [
            -2.980662804622522,
            -3.1687844773554215,
            -2.9208367315613883,
            -3.0571503845561403,
            -3.0415907590760827,
            -2.9887572856713653,
            -2.904132817544787,
            -3.0396692507531133,
            -3.037141304740875,
            -3.0799537278907154,
            -3.078473452055221,
            -2.921142596372232,
            -2.7534277829402742,
            -2.8324524798931283,
            -2.780134562787596,
            -3.0839811849603014,
            -3.105640681033681,
            -3.1039054393975625,
            -3.0147909796057566,
            -2.9169000053709015,
            -2.885839089305554,
            -3.1766198367450924,
            -2.9052651492267016,
            -2.896365280277371,
            -2.8577114461729765,
            -3.0267697466500247,
            -2.883030848822914,
            -2.9322948036941976,
            -2.91023293981833,
            -3.2244304971439943,
            -2.926162723112658,
            -3.0305620593801166,
            -2.8989395549118724,
            -3.0789905073722306,
            -2.999430818011277,
            -2.8672447106250503,
            -3.0462897908113598,
            -3.230928090192717,
            -2.749952211469676,
            -2.7085768719579737,
            -2.7679275491915103,
            -3.0133823908968402,
            -3.0451885280114523,
            -2.9698814131502176,
            -2.8716776601662706,
            -3.2241319016793955,
            -2.8338381872109135,
            -3.1439260401473024,
            -2.86025886825922,
            -2.8038459445552446,
            -3.044366723220943,
            -2.8342558131261404,
            -2.9232329812287863,
            -2.9501925077924898,
            -3.105891362276787,
            -2.8396997769804013,
            -2.925809764573064,
            -3.051867611453705,
            -3.0921515559581945,
            -3.0268201783975144,
            -3.1731249371068366,
            -2.908122150004204,
            -2.985007873901701,
            -3.0388928883099253,
            -3.2258020839183597,
            -3.130150176695228,
            -2.827588085992953,
            -2.9844620386890943,
            -2.6628197445751716,
            -3.0437366914781516,
            -2.835028087929855,
            -3.0460282213052903,
            -3.1482531128837787,
            -3.1657659165566145,
            -2.8849574024255986,
            -3.125706223376223,
            -2.8389962663151893,
            -2.914525607994978,
            -2.867501047823738,
            -3.1013372554515914,
            -2.8455064984883425,
            -2.7049321570923666,
            -3.163966776982864,
            -3.0118876795779017,
            -2.990799204514342,
            -3.090039660971676,
            -2.94177606881143,
            -3.0594062594385365,
            -3.1001345681331394,
            -3.174526654757872,
            -3.0223419098345,
            -3.0074175739973135,
            -2.953420481872198,
            -3.0547714304025897,
            -2.9732334807263356,
            -2.853852193397663,
            -2.914610358199697,
            -3.2345676715604883,
            -3.154367146678835,
            -2.8960379044228466
        ],
        -4.415112994023678,
        32611
    ]
}