{
    "cal_list": 510,
    "QAOA_list": [
        [
            -4.172619527746492,
            -4.166449094736501,
            -4.221952853179382,
            -4.260224020245574,
            -4.278801502890936,
            -4.256618937454515,
            -4.140643420122132,
            -4.213810428463482,
            -4.2636967797901475,
            -4.155870213063402,
            -4.260019623560958,
            -4.26113091869769,
            -4.3030494517673965,
            -4.260610558419895,
            -4.30160648870769,
            -4.213986529363176,
            -4.28515509873971,
            -4.348960002275276,
            -4.345704842530307,
            -4.321545058386535,
            -4.313329274832283,
            -4.353853805635656,
            -4.388920646201877,
            -4.379039857071026,
            -4.3887246058294895,
            -4.414227739557694,
            -4.399990949637434,
            -4.370058137005481,
            -4.335481687982326,
            -4.3326989433751715,
            -4.304564555031343,
            -4.352716056246968,
            -4.407968697409689,
            -4.405718810420785,
            -4.4139689808972316,
            -4.395823574354247,
            -4.4065319802189915,
            -4.348404896104925,
            -4.418183201319875,
            -4.390760694815868,
            -4.395881324730503,
            -4.404341070100704,
            -4.4172547606066255,
            -4.421524080745132,
            -4.415820519375173,
            -4.422772883573733,
            -4.41305620898183,
            -4.422661571724997,
            -4.422554365327608,
            -4.38317317718421,
            -4.405839207820346,
            -4.4206610355372185,
            -4.364681678326758,
            -4.414596922965186,
            -4.405246503418629,
            -4.415809082672139,
            -4.384208638729828,
            -4.423215959607699,
            -4.41802899506744,
            -4.415369238472008,
            -4.4227469552695995,
            -4.402456797344141,
            -4.4033816997702715,
            -4.4228251216665475,
            -4.423478876306409,
            -4.424261643286522,
            -4.400922871453864,
            -4.399394899822003,
            -4.422315243979202,
            -4.419554888805583,
            -4.419121103717229,
            -4.416108890994799,
            -4.423799744353307,
            -4.424449201621587,
            -4.418907101636047,
            -4.41218054742766,
            -4.417096246737443,
            -4.415303565468375,
            -4.42193373501656,
            -4.42149015234446,
            -4.423569861363614,
            -4.42343655165178,
            -4.421916309377615,
            -4.423351902342522,
            -4.412200558760855,
            -4.414453443696495,
            -4.423792638948424,
            -4.41866439541329,
            -4.4197682948127985,
            -4.424323678963082,
            -4.4229675473136805,
            -4.423933054065141,
            -4.421689868814311,
            -4.423736257371364,
            -4.424184099382148,
            -4.413644136925736,
            -4.423330740015208,
            -4.424043684265431,
            -4.420389484348881,
            -4.421550289233377
        ],
        -4.425849348361519,
        2946
    ]
}