{
    "cal_list": 513,
    "QAOA_list": [
        [
            -4.80419786205941,
            -4.864124719276894,
            -4.915037573787515,
            -4.899265432432409,
            -4.933708648559538,
            -4.963288177354429,
            -4.880895390750489,
            -4.939139660132043,
            -4.969833841123339,
            -4.965617149454064,
            -4.943842902723395,
            -4.970609101742117,
            -4.944373001065376,
            -4.970556000869754,
            -4.971787325373029,
            -4.979232327053534,
            -4.9719453751968645,
            -4.985691661761702,
            -4.977501105180359,
            -4.977679369322148,
            -4.983425277367143,
            -4.971168172744125,
            -4.982791134118056,
            -4.980800173558144,
            -4.988379009638598,
            -4.989432463449257,
            -4.988686150231673,
            -4.991642566134981,
            -4.9911866870276835,
            -5.003096679212709,
            -5.003368719403622,
            -4.9983828588945025,
            -5.0100768839254775,
            -5.003336591165956,
            -5.0100768839254775,
            -5.011074056027301,
            -5.007357407810917,
            -5.008354579912741,
            -5.011074056027301,
            -5.008082539721829,
            -5.0100768839254775,
            -5.008176912027389,
            -5.0113460962182135,
            -5.0130684002309485,
            -5.012071228129125,
            -5.009269681213181,
            -5.011074056027301,
            -5.011168428332861,
            -5.0130684002309485,
            -4.988435326413175,
            -5.014065572332773,
            -5.011264025416828,
            -5.0130684002309485,
            -5.0130684002309485,
            -5.012343268320037,
            -5.0130684002309485,
            -5.0130684002309485,
            -5.014065572332773,
            -5.014065572332773,
            -5.0130684002309485,
            -5.014065572332773,
            -5.0130684002309485,
            -5.012071228129125,
            -5.014065572332773,
            -5.0130684002309485,
            -5.012071228129125,
            -5.014065572332773,
            -5.009588876580514,
            -5.012071228129125,
            -5.0130684002309485,
            -5.011168428332861,
            -5.014065572332773,
            -5.011264025416828,
            -5.0130684002309485,
            -5.0130684002309485,
            -5.014065572332773,
            -5.014065572332773,
            -5.014065572332773,
            -5.014065572332773,
            -5.014065572332773,
            -5.012071228129125,
            -5.014065572332773,
            -5.014065572332773,
            -5.0130684002309485,
            -5.0130684002309485,
            -5.014065572332773,
            -5.0130684002309485,
            -5.012071228129125,
            -5.0130684002309485,
            -5.014065572332773,
            -5.014065572332773,
            -5.014065572332773,
            -5.014065572332773,
            -5.014065572332773,
            -5.014065572332773,
            -5.012343268320037,
            -5.0130684002309485,
            -5.0130684002309485,
            -5.014065572332773,
            -5.0113460962182135
        ],
        -5.014065572332773,
        601
    ]
}