{
    "cal_list": 511,
    "QAOA_list": [
        [
            -4.642401726918269,
            -4.742449675280245,
            -4.801179847275026,
            -4.823471298410145,
            -4.832050066269008,
            -4.736865520742059,
            -4.813518609770643,
            -4.842991589956478,
            -4.844231204370177,
            -4.8398065676051125,
            -4.849193938409244,
            -4.83227512862775,
            -4.85860451562067,
            -4.853580799680858,
            -4.838582843786152,
            -4.867293287056756,
            -4.872761333953504,
            -4.865413178901194,
            -4.875445767965348,
            -4.877174019215536,
            -4.879074636293151,
            -4.869832140046586,
            -4.875008656310913,
            -4.879480204669063,
            -4.8455052929210884,
            -4.874397804422454,
            -4.8791019561107465,
            -4.883514641372779,
            -4.811315391501442,
            -4.882431959920467,
            -4.8813219586505605,
            -4.88459732282509,
            -4.8815593846599725,
            -4.883514641372779,
            -4.882459279738063,
            -4.883569281007969,
            -4.885707324094997,
            -4.8815593846599725,
            -4.884624642642685,
            -4.883569281007969,
            -4.884624642642685,
            -4.885707324094997,
            -4.884624642642685,
            -4.885707324094997,
            -4.885734643912592,
            -4.886817325364903,
            -4.885734643912592,
            -4.886817325364903,
            -4.885707324094997,
            -4.8825763921206216,
            -4.884651962460281,
            -4.884624642642685,
            -4.886817325364903,
            -4.883541961190374,
            -4.884651962460281,
            -4.885707324094996,
            -4.886817325364903,
            -4.885707324094997,
            -4.885707324094997,
            -4.886817325364903,
            -4.886817325364903,
            -4.885734643912592,
            -4.886817325364903,
            -4.885707324094997,
            -4.88042206357247,
            -4.883487321555183,
            -4.886817325364903,
            -4.885734643912592,
            -4.884624642642685,
            -4.885734643912592,
            -4.886817325364903,
            -4.885734643912592,
            -4.8828984438149305,
            -4.886817325364903,
            -4.886817325364903,
            -4.886817325364903,
            -4.885734643912592,
            -4.885734643912592,
            -4.886817325364903,
            -4.885734643912592,
            -4.885707324094997,
            -4.886817325364903,
            -4.8838655701135,
            -4.886817325364903,
            -4.884624642642685,
            -4.886817325364903,
            -4.883514641372779,
            -4.886817325364903,
            -4.885734643912592,
            -4.886817325364903,
            -4.886817325364903,
            -4.886817325364903,
            -4.886817325364903,
            -4.886817325364903,
            -4.886817325364903,
            -4.886817325364903,
            -4.886817325364903,
            -4.886817325364903,
            -4.886817325364903,
            -4.885734643912592
        ],
        -4.886817325364903,
        348
    ]
}